"Variable","Hazard_Ratio","P_value"
"age",1.0070563499673,0.531894605019078
"sexFemale",0.610311107667798,0.0125320250508272
"ph.ecog1",1.36943376649703,0.177847581149177
"ph.ecog2",2.39352731742721,0.00127025902733744
"ph.ecog3",6.91556803002547,0.0630586265902955
